{
  "hash": "9fae4024",
  "configHash": "2c9d7dc6",
  "lockfileHash": "414fed6d",
  "browserHash": "577d103c",
  "optimized": {
    "@angular/core": {
      "src": "../../../../../../node_modules/@angular/core/fesm2022/core.mjs",
      "file": "@angular_core.js",
      "fileHash": "09fe7446",
      "needsInterop": false
    },
    "@angular/platform-browser": {
      "src": "../../../../../../node_modules/@angular/platform-browser/fesm2022/platform-browser.mjs",
      "file": "@angular_platform-browser.js",
      "fileHash": "c6246784",
      "needsInterop": false
    },
    "@angular/router": {
      "src": "../../../../../../node_modules/@angular/router/fesm2022/router.mjs",
      "file": "@angular_router.js",
      "fileHash": "718ccf13",
      "needsInterop": false
    },
    "zone.js": {
      "src": "../../../../../../node_modules/zone.js/fesm2015/zone.js",
      "file": "zone__js.js",
      "fileHash": "c772a61d",
      "needsInterop": true
    },
    "@angular/common/http": {
      "src": "../../../../../../node_modules/@angular/common/fesm2022/http.mjs",
      "file": "@angular_common_http.js",
      "fileHash": "d0dc989c",
      "needsInterop": false
    },
    "rxjs": {
      "src": "../../../../../../node_modules/rxjs/dist/esm5/index.js",
      "file": "rxjs.js",
      "fileHash": "54685137",
      "needsInterop": false
    },
    "@angular/forms": {
      "src": "../../../../../../node_modules/@angular/forms/fesm2022/forms.mjs",
      "file": "@angular_forms.js",
      "fileHash": "c57b8a42",
      "needsInterop": false
    },
    "sweetalert2": {
      "src": "../../../../../../node_modules/sweetalert2/dist/sweetalert2.esm.all.js",
      "file": "sweetalert2.js",
      "fileHash": "50a675fd",
      "needsInterop": false
    }
  },
  "chunks": {
    "chunk-GQEUE43F": {
      "file": "chunk-GQEUE43F.js"
    },
    "chunk-5YFPF4DY": {
      "file": "chunk-5YFPF4DY.js"
    },
    "chunk-G2E7MKII": {
      "file": "chunk-G2E7MKII.js"
    },
    "chunk-CSPLI7JI": {
      "file": "chunk-CSPLI7JI.js"
    },
    "chunk-JZXWNEJR": {
      "file": "chunk-JZXWNEJR.js"
    },
    "chunk-RSS3ODKE": {
      "file": "chunk-RSS3ODKE.js"
    },
    "chunk-WDMUDEB6": {
      "file": "chunk-WDMUDEB6.js"
    }
  }
}